http://www.cs.ucl.ac.uk/cs_people/J.Wang.html/,,,,,,,,,,,2
http://www.cs.ucl.ac.uk/people/J.Wang.html/,,,,,,,,,,,2
http://www.cs.ucl.ac.uk/news/article/dr-jun-wang-wins-yahoo-prep-award/,,,,,,,,,,,2
http://www.cs.ucl.ac.uk/archive/article/dr-jun-wang-wins-yahoo-prep-award/,,,,,,,,,,,2
http://www.cs.ucl.ac.uk/mobile/archive/article/best-paper-prize-for-cs-academic/,,,,,,,,,,,2
http://www.cs.ucl.ac.uk/mobile/archive/article/dr-jun-wang-wins-yahoo-prep-award/,,,,,,,,,,,2
http://www.cs.ucl.ac.uk/archive/article/best-paper-prize-for-cs-academic/,,,,,,,,,,,2
http://www.cs.ucl.ac.uk/mobile/archive/article/media-futures-group-research-wins-best-paper-award/,,,,,,,,,,,1
http://www.cs.ucl.ac.uk/news/article/media-futures-group-research-wins-best-paper-award/,,,,,,,,,,,1
http://www.cs.ucl.ac.uk/archive/article/media-futures-group-research-wins-best-paper-award/,,,,,,,,,,,1
